ano,uf,centil,quantidade_de_contribuintes,rendimentos_tributaveis_limite_superior_da_rtb_do_centil_r_milhoes,rtb_soma_centil,rendimentos_tributaveis_rtb_acumulada_do_centil_r_milhoes,rendimentos_tributaveis_media_da_rtb_do_centil_r,rendimentos_sujeitos_a_tribut_exclusiva_r_milhoes,rendimentos_isentos_lucros_e_dividendos_r_milhoes,rendimentos_isentos_rendim_socio_titular_me_epp_opt_simples_r_milhoes,rendimentos_isentos_outros_rendimentos_isentos_r_milhoes,despesas_dedutiveis_previdencia_r_milhoes,despesas_dedutiveis_dependentes_r_milhoes,despesas_dedutiveis_instrucao_r_milhoes,despesas_dedutiveis_medicas_r_milhoes,despesas_dedutiveis_pensao_alimenticia_r_milhoes,despesas_dedutiveis_livro_caixa_r_milhoes,imposto_devido_r_milhoes,bens_imoveis,bens_e_direitos_moveis_r_milhoes,bens_e_direitos_financeiros_r_milhoes,bens_e_direitos_outros_bens_e_direitos_r_milhoes,dividas_onus,cluster
2006,MT,16.0,2.685,"4.050,00",1087.0,33.47,"4.046,79",0.26,12.4,0.31,10.92,0.1,0.26,0.01,0.02,0.01,,,3945.0,15.94,88.04,3.15,105.0,0
2006,MS,25.0,2.658,"12.000,00",3189.0,303.88,"11.998,14",0.65,4.28,0.41,6.09,0.07,0.27,0.04,0.05,0.03,0.0,,5527.0,11.58,36.35,2.75,472.0,0
2006,GO,29.0,5.962,"12.000,00",7015.0,704.42,"11.765,95",0.58,2.56,0.17,17.44,0.37,1.07,0.15,0.31,0.04,0.02,0.01,16386.0,23.88,57.78,4.4,1189.0,0
2006,AP,34.0,254.0,"15.627,55",394.0,51.48,"15.509,20",0.08,0.03,,0.04,0.12,0.21,0.02,0.01,0.0,,0.0,22.0,0.08,0.47,0.11,5.0,0
2006,PA,25.0,3.039,"12.000,00",3559.0,333.13,"11.712,47",0.9,1.51,0.2,6.18,0.36,0.9,0.13,0.24,0.06,0.02,0.02,333.0,7.84,21.8,1.26,248.0,0
2006,PR,40.0,14.691,"14.800,00",21534.0,"4.008,82","14.658,03",4.28,15.07,1.42,48.13,1.27,2.71,0.33,0.81,0.2,0.03,,42168.0,118.27,302.54,9.94,4414.0,2
2006,GO,30.0,5.962,"12.100,00",7159.0,776.02,"12.008,55",0.61,11.95,0.27,10.2,0.14,0.53,0.06,0.11,0.01,0.01,0.01,11425.0,18.66,89.82,4.75,991.0,0
2006,RJ,35.0,22.391,"15.934,12",35379.0,"5.935,33","15.800,37",14.3,18.84,0.9,81.36,3.55,5.82,1.14,3.09,0.65,0.03,0.16,39454.0,62.49,290.94,16.45,4097.0,2
2006,PB,29.0,1.636,"10.011,52",1597.0,133.05,"9.762,76",0.27,1.54,,5.87,0.06,0.18,0.04,0.08,0.0,,,1741.0,3.55,19.13,0.39,63.0,0
2006,DF,31.0,4.563,"17.977,31",8109.0,"1.125,61","17.771,21",0.99,6.9,0.43,14.09,1.16,1.68,0.44,0.68,0.2,0.02,0.0,10187.0,23.21,42.8,0.98,95.0,0
2006,DF,18.0,4.563,"11.117,46",4798.0,226.53,"10.514,56",3.07,19.13,0.69,33.62,0.62,0.79,0.19,0.43,0.11,0.02,,14307.0,23.96,69.22,2.58,827.0,0
2006,MA,33.0,2.131,"11.645,00",2399.0,236.83,"11.256,84",0.22,0.39,0.01,3.3,0.16,0.43,0.07,0.14,0.02,0.01,0.01,1475.0,3.45,10.07,0.87,214.0,0
2006,MS,27.0,2.658,"12.800,00",3349.0,369.76,"12.597,82",1.84,2.48,0.09,11.39,0.17,0.38,0.04,0.15,0.01,0.0,,8028.0,13.43,42.64,2.23,1754.0,0
2006,AC,29.0,251.0,"12.000,00",296.0,26.97,"11.785,15",0.02,0.01,0,0.54,0.02,0.03,0.0,0.0,0.0,0.0,0.0,282.0,0.38,2.05,0.42,2.0,0
2006,BRASIL,30.0,241.562,"12.000,00",2897.63,"30.721,45","11.995,38",89.84,849.39,49.61,719.81,9.09,20.51,3.35,7.93,2.02,0.49,0.45,5022.08,"1.123,37","5.202,47",189.19,59527.0,3
2006,AP,21.0,254.0,"8.520,00",208.0,8.3,"8.169,89",0.02,0.22,0.01,0.32,0.01,0.04,,0.01,0.0,,,236.0,0.28,0.92,0.08,4.0,0
2006,AP,40.0,254.0,"17.120,76",43.0,76.33,"16.930,01",0.06,0.12,0.02,0.05,0.07,0.15,0.02,0.03,0.02,0.0,0.0,48.0,0.28,1.23,0.12,3.0,0
2006,MT,31.0,2.686,"12.000,00",3221.0,364.96,"11.993,29",0.07,0.29,0.04,4.43,0.06,0.24,0.02,0.06,0.01,0.0,,562.0,11.11,44.41,1.24,305.0,0
2006,BRASIL,50.0,241.563,"17.552,42",4216.89,"103.970,48","17.456,67",67.04,217.01,10.5,554.08,35.83,71.22,10.99,25.21,6.1,1.16,0.47,6427.88,"1.499,35","3.600,81",178.67,51901.0,3
2006,AC,2.0,250.0,0,0.0,0,0,0.01,0.03,0,0.99,0.0,0.0,0.0,0.0,0.0,0.0,0.0,143.0,0.4,1.25,0.25,183.0,0
2006,BRASIL,45.0,241.562,"16.418,18",3935.33,"83.451,67","16.291,17",95.39,369.8,19.31,608.42,40.92,73.57,10.49,23.83,5.83,0.94,0.68,6438.9,"1.380,30","3.918,01",403.63,53497.0,3
2006,RN,42.0,1.959,"15.620,00",3045.0,504.25,"15.544,36",1.35,0.77,,1.69,0.24,0.46,0.08,0.17,0.09,0.01,0.0,16.0,4.65,11.78,0.13,183.0,0
2006,ES,29.0,3.386,"12.056,20",4061.0,442.78,"11.993,28",0.71,5.96,0.58,11.49,0.16,0.32,0.06,0.15,0.06,0.01,,5676.0,13.93,61.72,1.18,1892.0,0
2006,MA,27.0,2.131,"8.100,00",1689.0,111.31,"7.925,36",0.27,2.46,0.24,4.81,0.09,0.31,0.05,0.07,0.01,0.0,,1252.0,3.43,18.45,0.96,126.0,0
2006,PB,23.0,1.636,"6.000,00",939.0,53.94,"5.739,64",0.07,1.42,0.02,5.48,0.03,0.1,0.01,0.07,0.02,,0.01,997.0,2.7,7.24,0.23,113.0,0
2006,ES,23.0,3.385,"9.150,00",2994.0,224.24,"8.843,90",0.76,4.18,0.17,14.74,0.17,0.49,0.07,0.23,0.06,0.0,,5723.0,12.03,45.81,0.73,364.0,0
2006,AP,45.0,255.0,"18.467,40",468.0,99.1,"18.335,95",0.1,0.01,,0.08,0.14,0.25,0.01,0.04,0.04,,,15.0,0.42,0.53,0.05,6.0,0
2006,TO,46.0,968.0,"16.342,20",1568.0,368.62,"16.201,43",0.11,0.51,0.05,1.32,0.13,0.32,0.04,0.07,0.01,0.0,0.0,2668.0,6.04,8.26,1.77,596.0,0
2006,AC,18.0,250.0,"4.993,08",114.0,3.02,"4.563,36",0.01,0.02,0,0.56,0.0,0.02,0.0,0.01,0.0,0.0,0.0,81.0,0.02,0.67,0.03,1.0,0
2006,RJ,9.0,22.392,291.45,48.0,0.48,21.6,19.01,28.46,1.34,328.27,0.01,0.03,0.0,0.01,0.0,,0.05,72754.0,69.04,578.57,30.42,6376.0,2
2006,RN,49.0,1.959,"17.424,14",3387.0,730.75,"17.288,86",0.28,0.37,0.02,3.36,0.28,0.53,0.12,0.23,0.08,0.0,0.0,1828.0,5.85,12.32,0.42,141.0,0
2006,AC,27.0,250.0,"10.812,58",264.0,21.24,"10.540,36",0.01,0,0,0.22,0.01,0.02,0.01,0.02,0.0,0.0,0.0,86.0,0.16,0.78,0.05,2.0,0
2006,PB,43.0,1.636,"15.131,82",2458.0,432.63,"15.027,50",0.28,0.47,0.01,1.87,0.09,0.19,0.03,0.08,0.01,0.0,0.0,1115.0,4.77,8.6,0.27,96.0,0
2006,AC,21.0,251.0,"7.200,00",168.0,7.55,"6.692,05",0.01,0.03,0,0.64,0.01,0.04,0.0,0.0,0.01,0.0,0.0,155.0,0.35,1.12,0,11.0,0
2006,MG,30.0,21.09,"10.156,22",20967.0,"2.190,31","9.941,83",6.15,24.55,1.82,68.67,0.95,2.29,0.34,0.9,0.18,0.03,0.02,42567.0,84.43,301.86,12.99,2583.0,2
2006,RR,45.0,331.0,"17.980,40",594.0,104.65,"17.942,47",0.08,,,0.05,0.09,0.25,0.02,0.01,0.02,,0.0,107.0,0.49,0.28,,13.0,0
2006,MG,26.0,21.091,"8.100,00",16843.0,"1.419,55","7.986,01",8.28,85.4,3.06,82.23,0.82,2.19,0.26,0.74,0.19,0.01,0.01,47527.0,102.17,454.89,14.09,6821.0,2
2006,CE,45.0,3.818,"13.820,00",5194.0,754.52,"13.603,59",1.13,3.23,0.1,7.35,0.27,0.54,0.12,0.2,0.11,0.01,,3351.0,10.22,35.63,1,248.0,0
2006,PE,24.0,5.563,"8.080,48",4316.0,270.86,"7.758,06",1.62,5.12,0.62,19.43,0.22,0.61,0.11,0.45,0.09,0.01,0.01,5559.0,12.4,67.57,2.29,572.0,0
2006,BA,28.0,7.644,"8.000,00",5856.0,379.36,"7.660,79",1.48,10.46,0.68,27.5,0.37,0.97,0.13,0.49,0.12,0.01,,8536.0,15.59,81.66,2.37,682.0,0
2006,GO,41.0,5.962,"15.200,00",8997.0,"1.689,80","15.090,82",0.67,2.76,0.29,9.17,0.53,1.04,0.14,0.31,0.07,0.04,0.02,14047.0,28.93,61.79,2.63,1423.0,0
2006,AP,19.0,254.0,"6.500,00",15.0,4.42,"5.895,26",0,0.21,,0.64,0.01,0.02,0.0,0.01,0.0,,,66.0,0.12,1.06,0.02,7.0,0
2006,AM,49.0,2.246,"18.256,89",4077.0,"1.041,05","18.153,00",0.77,0.63,0.17,1.98,0.81,1.59,0.23,0.17,0.15,0.0,0.0,1197.0,4.52,10.33,0.58,155.0,0
2006,PI,37.0,1.173,"9.600,00",1091.0,101.76,"9.300,21",0.2,0.42,,2.94,0.05,0.07,0.01,0.07,0.01,,,651.0,2.53,4.94,0.3,55.0,0
2006,RJ,41.0,22.392,"17.374,35",38605.0,"8.170,16","17.240,47",9.4,17.57,0.98,60.62,4.2,8.03,1.87,3.78,0.89,0.09,0.2,39507.0,87.33,264.63,12.53,323.0,2
2006,GO,15.0,5.962,"4.050,00",2403.0,62.23,"4.030,62",1.48,41.36,2.56,21.85,0.1,0.44,0.02,0.02,0.02,,,1004.0,24.31,133.71,6.4,1929.0,0
2006,PR,18.0,14.691,"5.898,59",8134.0,455.21,"5.537,03",7.83,23.93,1.41,73.55,0.35,1.91,0.1,0.44,0.1,0.01,0.0,46388.0,72.91,270.91,10.34,2634.0,2
2006,RR,35.0,330.0,"15.000,00",494.0,49.87,"14.977,38",0.02,0.01,,0.3,0.02,0.04,0.01,0.0,0.0,,,172.0,0.51,1.21,,19.0,0
2006,CE,47.0,3.819,"14.400,00",5468.0,862.65,"14.317,48",1.99,3.34,0.13,7.25,0.21,0.55,0.1,0.17,0.05,0.02,,298.0,11.15,177.7,0.74,2576.0,0
2006,PR,37.0,14.691,"14.080,92",20512.0,"3.372,23","13.962,40",3.22,19.93,1.32,40.19,0.96,2.3,0.28,0.72,0.14,0.02,0.02,63984.0,112.41,283.93,10.73,3279.0,2
2006,RR,32.0,331.0,"13.802,20",442.0,35.44,"13.358,53",0.04,0.47,0.02,0.34,0.05,0.09,0.01,0.01,,,,289.0,0.82,3.33,,119.0,0
2006,PI,33.0,1.174,"7.241,31",813.0,62.12,"6.924,39",0.16,0.46,0.04,4.65,0.03,0.17,0.02,0.06,0.03,0.0,,679.0,2.06,5.88,0.33,48.0,0
2006,AP,48.0,254.0,"19.244,85",485.0,113.44,"19.076,21",0.15,0,,0.37,0.19,0.39,0.05,0.09,0.06,0.01,0.01,78.0,0.31,0.76,0.23,1.0,0
2006,PR,46.0,14.692,"16.000,00",23333.0,"5.362,17","15.881,43",4.97,14.59,0.96,30.57,1.75,3.48,0.4,0.96,0.15,0.03,0.02,37077.0,110.95,297.38,8.4,3804.0,2
2006,BRASIL,44.0,241.563,"16.183,44",3880.19,"79.516,34","16.062,87",75.73,381.49,17.14,592.9,31.13,57.03,8.06,19.12,4.6,0.77,0.95,5427.18,"1.428,24","4.291,98",235.82,52142.0,3
2006,RJ,18.0,22.392,"8.400,00",1795.0,978.44,"8.016,44",22.76,123.59,8.24,151.53,1.67,3.37,0.63,2.56,0.56,0.01,0.08,65645.0,89.78,689.34,25.33,10912.0,2
2006,SC,41.0,9.032,"14.400,00",12884.0,"2.099,06","14.265,12",2.87,26.9,0.96,27.57,0.88,1.45,0.21,0.33,0.1,0.04,0.03,26416.0,91.61,230.77,6.44,2528.0,0
2006,RJ,34.0,22.392,"15.662,96",3483.0,"5.581,54","15.554,79",8.19,25.4,1.62,55.89,3.09,5.29,1.09,3.02,0.68,0.14,0.14,3813.0,70.77,263.15,10.02,2766.0,0
2006,MG,29.0,21.091,"9.686,73",19895.0,"1.980,64","9.432,91",5.77,81.59,1.5,74.32,0.95,2.52,0.32,1.0,0.19,0.02,0.01,47526.0,90.3,477.14,18.93,3157.0,2
2006,MS,31.0,2.658,"14.217,25",3743.0,514.15,"14.080,19",0.51,0.88,0.12,6.25,0.18,0.46,0.04,0.1,0.02,0.0,0.01,7506.0,15.18,30.31,5.14,716.0,0
2006,MS,20.0,2.658,"9.550,00",2428.0,158.81,"9.136,22",0.46,2.2,0.31,15.34,0.15,0.58,0.07,0.14,0.04,0.01,,7825.0,12.24,36.11,1.94,396.0,0
2006,SP,40.0,73.985,"15.850,02",1163.39,"21.819,06","15.724,62",33.38,104.83,8.02,186.46,12.7,23.29,2.71,8.28,1.9,0.21,0.1,1887.9,450.29,"1.122,34",55.94,16576.0,0
2006,RJ,33.0,22.391,"15.430,47",34251.0,"5.233,24","15.296,95",8.07,21.87,1.67,68.91,3.46,5.97,1.26,2.89,0.61,0.07,0.11,36506.0,67.86,298.69,15.33,312.0,2
2006,AC,16.0,250.0,"3.600,00",71.0,0.86,"2.848,06",0.02,0.01,0,1.06,0.0,0.01,0.0,0.0,0.0,0.0,0.0,85.0,0.19,0.8,0.32,4.0,0
2006,GO,33.0,5.962,"13.246,20",7786.0,"1.002,65","13.059,06",0.56,6.81,0.16,13.98,0.38,1.12,0.18,0.28,0.08,0.0,,15861.0,26.18,63.19,5.91,983.0,0
2006,PR,48.0,14.691,"16.400,00",2392.0,"5.837,38","16.282,18",6.74,19.18,0.82,42.27,1.88,4.09,0.44,1.04,0.15,0.04,0.02,1173.1,132.02,316.49,10.47,4615.0,0
2006,ES,28.0,3.385,"11.887,07",3919.0,402.17,"11.576,84",0.76,8.14,0.62,12.83,0.32,0.6,0.12,0.32,0.07,0.03,,6807.0,16.31,51.59,1.08,471.0,0
2006,BRASIL,33.0,241.563,"13.312,83",3166.56,"39.904,89","13.108,64",90.34,422.54,24.22,779.99,20.88,42.6,6.67,18.76,3.51,0.79,0.42,6132.06,"1.322,57","5.535,63",188.23,55566.0,3
2006,PR,42.0,14.692,"15.100,00",22066.0,"4.448,29","15.019,25",3.28,35.09,0.95,28.75,0.76,1.86,0.18,0.49,0.07,0.03,0.13,3296.0,88.73,321.08,4.85,3897.0,0
2006,ES,31.0,3.385,"12.766,72",4261.0,526.9,"12.586,99",1.03,7.11,0.25,9.42,0.22,0.41,0.08,0.2,0.03,0.01,,5655.0,13.89,50.92,2.06,438.0,0
2006,AM,19.0,2.247,"7.469,80",1566.0,64.19,"6.967,61",0.42,1.54,0.22,6.3,0.16,0.42,0.05,0.08,0.04,0.01,,1193.0,2.97,10.71,2.01,118.0,0
2006,PA,44.0,3.039,"16.748,68",5049.0,"1.176,83","16.614,54",0.61,0.31,0.04,3.19,0.6,1.27,0.18,0.32,0.05,0.02,0.0,2085.0,5.42,18.53,1.35,167.0,0
2006,SC,44.0,9.031,"15.141,22",13582.0,"2.500,06","15.039,51",1.52,9.28,0.33,17.09,0.8,1.27,0.14,0.28,0.1,0.0,0.0,22542.0,71.8,181.02,4.4,1833.0,0
2006,PB,21.0,1.636,"4.591,00",709.0,36.49,"4.333,10",0.26,1.29,0.01,2.66,0.02,0.06,0.0,0.05,0.02,,0.0,745.0,2.05,11.45,0.36,53.0,0
2006,MS,22.0,2.658,"10.622,84",2741.0,212.24,"10.313,83",0.88,1.24,0.08,11.96,0.14,0.5,0.03,0.13,0.03,,,8675.0,13.68,34.09,2.83,621.0,0
2006,PE,44.0,5.562,"15.680,00",8666.0,"1.685,09","15.579,84",0.84,2.21,0.35,7.6,0.66,1.17,0.21,0.47,0.16,0.12,0.02,503.0,14.79,31.3,1.74,608.0,0
2006,SC,32.0,9.031,"10.790,00",9467.0,"1.064,87","10.482,87",2.63,16.71,0.71,29.52,0.54,1.2,0.17,0.31,0.15,0.02,,22218.0,70.3,181.92,4.14,1685.0,0
2006,MS,18.0,2.658,"8.100,00",2075.0,112.11,"7.804,95",0.71,7.53,0.3,11.35,0.17,0.5,0.05,0.14,0.05,0.01,0.0,8502.0,14.79,38.87,2.88,391.0,0
2006,MS,29.0,2.658,"13.600,00",3566.0,440.06,"13.414,74",0.32,0.76,0.12,7.02,0.18,0.52,0.05,0.16,0.01,0.03,,8038.0,14.2,31.72,3.04,449.0,0
2006,RS,47.0,18.034,"15.845,72",28348.0,"6.047,42","15.719,21",4.4,16.91,1.23,42.64,2.32,3.63,0.49,0.96,0.38,0.04,0.03,49373.0,118.34,264.55,11.04,4125.0,2
2006,AM,35.0,2.247,"15.320,20",341.0,507.47,"15.175,15",0.75,1.31,0.1,2.21,0.76,1.22,0.19,0.12,0.08,0.01,0.0,781.0,2.97,4.96,0.2,9.0,0
2006,MA,35.0,2.131,"12.170,79",2564.0,287.91,"12.034,23",0.25,2.75,0.03,2.19,0.07,0.19,0.02,0.06,,0.01,,1306.0,4.41,16.66,1.8,351.0,0
2006,AM,14.0,2.247,"3.080,00",458.0,4.94,"2.037,03",2.44,41.87,0.03,11.39,0.06,0.19,0.0,0.03,0.01,,,1464.0,2.32,17.34,0.55,99.0,0
2006,AM,43.0,2.246,"17.280,00",385.0,800.52,"17.142,14",0.72,0.39,0.08,1.54,0.73,1.33,0.24,0.2,0.06,0.01,0.0,1144.0,2.61,5.76,0.43,119.0,0
2006,DF,21.0,4.564,"13.699,43",6064.0,397.25,"13.286,50",2.06,8.23,1.75,27.19,0.8,0.96,0.23,0.4,0.08,0.03,,12302.0,24.8,82.21,2.81,1805.0,0
2006,RJ,37.0,22.391,"16.396,60",36416.0,"6.658,48","16.263,67",8.7,32.29,2.45,57.85,3.75,6.63,1.47,3.5,0.61,0.06,0.19,38853.0,70.13,284.51,13.27,3179.0,2
2006,SC,19.0,9.031,"4.050,00",3658.0,198.49,"4.050,00",1.17,45.34,1.27,23.96,0.17,0.42,0.01,0.02,0.01,,,12548.0,55.49,190.33,2.62,1589.0,0
2006,MG,47.0,21.091,"15.857,43",33176.0,"7.029,40","15.729,99",5.3,13.94,0.63,54.06,2.64,5.09,0.74,1.41,0.44,0.08,0.02,46922.0,109.21,272.56,9.43,3451.0,2
2006,GO,22.0,5.963,"8.000,00",4497.0,290.83,"7.542,22",0.68,10.64,0.45,20.48,0.2,1.03,0.07,0.24,0.03,0.0,,1706.0,21.75,50,5.41,872.0,0
2006,AP,41.0,255.0,"17.514,96",442.0,80.75,"17.332,58",0.06,0.01,0.01,0.1,0.09,0.22,0.02,0.02,0.02,,,78.0,0.29,0.65,0,13.0,0
2006,BA,26.0,7.644,"6.500,00",4716.0,268.14,"6.169,23",2.11,10.23,0.3,24.62,0.2,0.68,0.08,0.42,0.07,,0.0,7633.0,13.59,74.27,3.08,1167.0,0
2006,AC,14.0,250.0,0.01,0.0,0,0,0.02,0.02,0.01,0.8,0.0,0.0,0.0,0.0,0.0,0.0,0.0,1245.0,0.87,2.12,0.73,4.0,0
2006,BA,22.0,7.643,"4.200,00",3112.0,107.81,"4.071,27",2.22,44.26,1.88,22.42,0.21,0.38,0.04,0.14,0.05,,,7619.0,21.12,146.76,3.44,87.0,0
2006,RR,29.0,330.0,"12.000,00",386.0,22.9,"11.685,88",0.04,0.01,,0.49,0.04,0.07,0.01,0.01,0.0,,0.01,149.0,0.55,1.79,0.01,2.0,0
2006,PB,38.0,1.636,"14.000,00",2269.0,312.97,"13.868,50",0.29,0.14,0.05,3.5,0.14,0.28,0.03,0.11,0.02,0.01,0.0,1405.0,4.97,9.89,0.33,9.0,0
2006,BRASIL,31.0,241.563,"12.498,93",2957.86,"33.679,30","12.244,66",119.51,637.44,26.91,945.18,20.42,41.17,6.28,18.68,3.56,0.61,0.25,6257.87,"1.292,48","4.938,48",196.62,51929.0,3
2006,PE,46.0,5.563,"16.090,55",8898.0,"1.862,00","15.995,52",2.06,5.39,0.11,8.45,0.69,1.28,0.23,0.54,0.09,0.04,0.01,4381.0,19.14,45.89,1.5,557.0,0
2006,RS,12.0,18.034,"1.400,00",132.0,13.21,732.04,7.2,18.28,1.05,145.49,0.12,0.46,0.01,0.08,0.02,0.0,0.01,64674.0,76.18,379.9,16.87,4365.0,2
2006,DF,12.0,4.564,"4.050,00",1774.0,27.56,"3.888,01",2.38,80.2,7.39,33.56,0.32,0.44,0.03,0.14,0.06,0.0,,16748.0,39.56,118.86,5.32,2593.0,0
2006,RS,39.0,18.034,"13.860,22",24654.0,"3.896,29","13.670,82",6.94,26.59,2.86,58.41,1.5,2.45,0.36,0.89,0.16,0.09,0.02,55991.0,128.28,322.02,11.43,4479.0,2
2006,MG,50.0,21.09,"16.500,00",34558.0,"8.052,76","16.386,08",4.9,31.38,0.6,63.72,3.16,5.47,0.78,1.59,0.49,0.08,0.02,48018.0,119.46,292.05,10.64,368.0,2
2006,TO,23.0,968.0,"9.250,00",861.0,68.7,"8.898,88",0.08,0.07,0.02,1.58,0.04,0.15,0.01,0.02,,,,1581.0,2.22,5.09,0.55,136.0,0
2006,BA,48.0,7.643,"15.960,48",12091.0,"2.333,42","15.819,21",1.8,3.89,0.23,9.04,1.54,2.25,0.43,1.14,0.2,0.01,0.03,5715.0,17.56,40.14,1.55,647.0,0
2006,PR,25.0,14.691,"9.600,00",13662.0,"1.248,63","9.299,43",3.56,26.35,1.8,62.37,0.69,2.72,0.27,0.76,0.1,0.03,0.0,43189.0,90.29,592.53,11.44,307.0,2
2006,PA,38.0,3.039,"15.533,33",4688.0,883.01,"15.426,70",0.64,0.09,0.04,4.23,0.67,1.27,0.15,0.29,0.06,0.02,0.0,2415.0,6.3,13.94,0.94,293.0,0
2006,RN,35.0,1.959,"13.737,87",264.0,301.66,"13.477,71",0.53,0.41,0.08,7.49,0.21,0.33,0.05,0.21,0.09,0.01,,2078.0,5.69,15.92,0.21,156.0,0
2006,BA,40.0,7.644,"14.000,00",1059.0,"1.415,43","13.853,48",2.06,9.37,1.02,13.88,0.73,1.44,0.29,0.68,0.09,0.03,0.03,8714.0,21.54,78.19,3.09,767.0,0
2006,SC,25.0,9.031,"7.200,00",6264.0,498.98,"6.936,54",3.81,19.9,0.61,32.98,0.3,0.98,0.08,0.21,0.06,0.01,,1959.0,52.37,219.06,3.57,1205.0,0
2006,PE,19.0,5.563,"4.645,64",2424.0,94.36,"4.358,11",1.42,4.67,0.11,13.15,0.07,0.21,0.02,0.15,0.03,0.0,0.0,3301.0,6.27,48.37,1.27,614.0,0
2006,RS,21.0,18.034,"5.665,70",9677.0,654.66,"5.365,80",4.35,31.08,1.11,94.5,0.53,1.64,0.1,0.41,0.1,0.02,0.01,51688.0,83.07,268.32,8.96,2977.0,2
2006,SE,32.0,1.381,"13.072,74",177.0,196.57,"12.817,79",0.32,0.35,0.07,2.9,0.11,0.18,0.03,0.05,0.02,,,1511.0,3.8,8.12,0.48,12.0,0
2006,MG,21.0,21.091,"5.262,25",10456.0,702.79,"4.957,60",19.79,58.25,0.97,88.2,0.47,1.62,0.1,0.68,0.08,0.01,0.01,42059.0,65.87,325.84,9.99,3875.0,2
2006,RR,33.0,330.0,"14.400,00",466.0,40.1,"14.127,23",0.03,0.1,0.02,0.21,0.04,0.07,0.01,0.01,0.01,,,141.0,1.08,2.25,0.27,43.0,0
2006,TO,25.0,968.0,"10.223,24",972.0,87.69,"10.040,72",0.11,0.23,,1.48,0.03,0.11,0.01,0.01,0.01,,,19.0,1.91,8.97,1.51,175.0,0
2006,MS,15.0,2.658,"5.960,00",1445.0,56.34,"5.436,12",0.56,2.26,0.66,12.74,0.09,0.41,0.04,0.1,0.02,,,782.0,12.66,31.75,1.06,294.0,0
2006,TO,26.0,969.0,"10.800,00",1021.0,97.9,"10.539,74",0.08,0.26,0.02,1.01,0.06,0.15,0.02,0.03,,,0.01,1702.0,2.9,5.8,0.55,106.0,0
2006,MA,29.0,2.131,"9.250,00",1899.0,148.14,"8.910,25",0.21,0.35,0.34,4.13,0.14,0.37,0.05,0.11,0.01,,0.01,1253.0,3.35,7.35,0.51,91.0,0
2006,PE,50.0,5.563,"17.106,64",9449.0,"2.231,50","16.985,44",1.16,2.17,0.38,9.15,0.81,1.49,0.36,0.9,0.17,0.02,0.0,4881.0,19.58,42.5,1.88,555.0,0
2006,RJ,17.0,22.391,"7.613,10",16073.0,798.94,"7.178,40",19.39,62.86,2.22,168.22,1.49,3.22,0.5,2.8,0.45,0.03,0.04,5903.0,77.14,844.8,41.73,6485.0,0
2006,CE,23.0,3.819,"4.000,00",1419.0,32.69,"3.715,63",0.43,4.03,0.28,14.9,0.06,0.2,0.02,0.1,0.02,0.0,,2744.0,7.47,44.41,1.05,1847.0,0
2006,AC,9.0,251.0,0,0.0,0,0,0,0,0,0.31,0.0,0.0,0.0,0.0,0.0,0.0,0.0,134.0,0.18,0.74,0.02,0.0,0
2006,MG,45.0,21.09,"15.384,30",32169.0,"6.370,61","15.253,00",4.92,13.29,1.14,52.02,2.56,4.77,0.59,1.38,0.4,0.09,0.04,44878.0,109.73,300.45,12.58,3332.0,2
2006,MT,21.0,2.686,"6.884,80",1756.0,104.22,"6.536,35",0.37,1.1,0.45,6.9,0.08,0.41,0.03,0.08,0.01,0.0,,4977.0,8.83,30.36,1.75,255.0,0
2006,MS,44.0,2.658,"16.800,00",4449.0,"1.050,05","16.736,93",0.37,1.42,0.05,3.18,0.44,0.75,0.1,0.25,0.03,0.01,0.0,5628.0,14.06,21.87,1.88,48.0,0
2006,BRASIL,24.0,241.562,"8.800,00",2053.15,"15.333,40","8.499,48",170.54,421.56,22.23,"1.190,62",11.28,32.69,4.07,18.01,3.18,0.26,0.38,6177.29,"1.055,91","4.994,26",194.68,38406.0,3
2006,SP,34.0,73.985,"14.448,00",1060.17,"15.088,03","14.329,49",45.4,181.23,13.22,288.6,7.76,15.46,2.06,6.91,1.41,0.18,0.11,2503.08,535.37,"1.964,71",59.48,2306.0,0
2006,GO,32.0,5.962,"12.853,56",7536.0,924.79,"12.640,88",0.61,4.02,0.13,13.89,0.31,0.86,0.1,0.22,0.06,0.01,,13528.0,24.48,60.42,3.94,665.0,0
2006,MS,35.0,2.658,"15.000,00",3976.0,669.76,"14.958,24",0.67,2.92,0.09,6.69,0.11,0.4,0.06,0.11,0.02,0.01,0.0,5358.0,14.19,34.77,3.98,483.0,0
2006,GO,44.0,5.963,"15.880,22",9398.0,"1.967,95","15.760,98",1.88,4.23,0.22,10.84,0.89,1.61,0.22,0.53,0.06,0.0,0.02,15709.0,29.63,64.06,3.57,1016.0,0
2006,PR,38.0,14.692,"14.360,16",20897.0,"3.581,21","14.223,60",3.67,17.17,0.89,48.65,1.14,2.68,0.27,0.85,0.11,0.01,0.01,44449.0,124.12,276.84,9.79,3326.0,2
2006,PE,20.0,5.563,"5.400,00",278.0,122.16,"4.997,22",1.23,6.44,0.14,18.91,0.1,0.43,0.05,0.31,0.04,0.0,,4604.0,9.51,55.88,1.05,53.0,0
2006,PA,19.0,3.039,"8.400,00",2452.0,148.2,"8.068,98",0.36,4.53,0.23,6.47,0.14,0.57,0.08,0.11,0.01,0.01,,284.0,8.1,19.05,0.87,236.0,0
2006,PE,45.0,5.563,"15.890,00",8792.0,"1.773,02","15.805,29",0.73,1.23,0.08,6.9,0.75,1.23,0.25,0.6,0.13,0.01,0.0,7224.0,12.55,29.16,20.12,2235.0,0
2006,MG,40.0,21.09,"14.250,00",29728.0,"4.806,34","14.095,83",4.16,27.47,1.06,56.26,1.49,2.65,0.47,1.04,0.13,0.07,0.06,45364.0,116.32,378.81,14.35,3767.0,2
2006,SP,10.0,73.985,6.78,1.0,0.01,0.14,59.96,274.06,18.29,492.23,0.0,0.0,0.0,0.0,0.0,,0.02,2277.4,281.17,"1.962,55",85.12,71412.0,3
2006,AC,32.0,250.0,"12.852,76",315.0,36.17,"12.615,31",0.02,0.06,0,0.31,0.03,0.05,0.0,0.01,0.0,0.0,0.0,219.0,0.36,1.74,0.35,9.0,0
2006,SP,14.0,73.986,"4.050,00",29649.0,794,"4.007,35",93.63,988.51,66.29,435.33,2.83,5.94,0.51,1.63,0.45,0.0,0.01,2362.37,592.26,"2.490,63",84.23,33398.0,3
2006,AM,47.0,2.246,"18.000,00",4043.0,959.83,"18.000,00",0,1.34,,1.75,0.05,0.31,0.03,0.07,,0.03,0.0,1597.0,5.09,30.25,2.59,339.0,0
2006,ES,14.0,3.385,"4.050,00",1355.0,30.64,"4.003,82",0.84,27.52,0.61,15.63,0.12,0.29,0.03,0.06,0.04,,,6183.0,16.07,84.66,3.38,888.0,0
2006,RS,48.0,18.034,"16.050,00",28782.0,"6.335,24","15.960,07",3.13,27.28,1.13,48.57,2.2,3.48,0.45,0.93,0.35,0.04,0.02,4999.0,128.41,255.51,9.39,4827.0,0
2006,SE,27.0,1.381,"10.753,60",1436.0,113.71,"10.397,06",0.57,1.84,0.02,4.19,0.09,0.2,0.05,0.1,0.01,0.0,,1775.0,3.85,11.09,0.58,154.0,0
2006,PI,20.0,1.174,1,0.0,0,0.21,0.06,0.01,,4.38,0.0,0.0,0.0,0.0,,,,741.0,1.54,2.65,0.04,95.0,0
2020,MT,16.0,5.716,"16.544,58",9033.0,540.03,"15.802,59",12.47,37.07,26.6,115.6,1.68,1.62,0.3,1.65,0.12,0.04,0.0,56504.0,114.86,371.6,44.22,15833.0,2
2020,MS,25.0,4.453,"24.450,00",1072.0,"1.274,41","24.073,78",8.8,29.85,26.56,46.76,1.83,1.22,0.23,1.7,0.19,0.01,0.0,49528.0,93.87,289.47,77.33,8826.0,2
2020,AL,16.0,2.471,"15.000,00",3501.0,189.21,"14.169,27",3.83,8.04,3.26,30.59,0.91,0.7,0.24,1.24,0.11,,,7841.0,17.64,99.56,0.95,1723.0,0
2020,GO,29.0,10.017,"25.266,67",25093.0,"3.551,73","25.050,83",22.03,185.72,135.73,110.62,4.87,3.25,0.86,3.87,0.41,0.07,0.01,1412.76,249.29,"1.395,93",97.38,2109.0,0
2020,AP,34.0,813.0,"39.517,98",3177.0,598.63,"39.077,94",2.36,0.08,0.57,3.67,1.19,0.96,0.67,1.63,0.21,0.01,0.38,529.0,1.92,4.18,0.01,202.0,0
2020,PA,25.0,6.375,"25.748,82",16128.0,"2.094,37","25.299,50",11.98,40.15,25.14,36.12,2.84,2.32,0.7,3.17,0.24,0.08,0.01,31382.0,72.13,269.07,19.33,241.0,2
2020,AP,9.0,813.0,"12.897,44",1001.0,21.97,"12.317,14",0.68,6.7,1.37,1.94,0.16,0.08,0.02,0.1,0.0,0.0,,1174.0,2.47,34.82,1.74,138.0,0
2020,PI,18.0,2.524,"18.361,80",453.0,355.71,"17.946,07",3.3,11.5,3.24,27.99,1.21,0.35,0.07,1.81,0.04,0.01,,4861.0,15.36,96.69,1.79,531.0,0
2020,PR,40.0,20.783,"32.599,81",67199.0,"14.876,71","32.333,55",76.32,87.42,48.41,183.13,16.45,16.25,4.37,21.54,2.42,0.28,3.78,1500.24,350.59,"1.176,36","2.066,82",30766.0,1
2020,GO,30.0,10.016,"26.062,25",25719.0,"3.808,92","25.677,71",20.2,76.81,29.22,102.1,3.69,3.14,0.86,4.19,0.32,0.14,0.01,901.0,156,540.91,47.2,15183.0,0
2020,RJ,35.0,30.746,"31.183,45",94848.0,"16.256,33","30.848,86",126.9,85.05,54.08,256.87,24.88,22.52,10.16,48.31,5.07,0.47,3.15,1408.11,231.54,"1.541,73",39.13,19116.0,1
2020,PB,29.0,3.314,"27.054,00",8836.0,"1.251,39","26.663,73",6.05,10.12,5.01,24.5,1.13,1.05,0.36,1.88,0.17,0.03,0.0,12708.0,37.34,103.96,3.5,1824.0,0
2020,PA,7.0,6.375,"4.200,00",2149.0,22.89,"3.370,72",12.36,23.3,12.25,52.69,0.36,1.07,0.12,0.65,0.04,,0.0,24927.0,43.83,198.31,30.36,2894.0,0
2020,DF,31.0,7.616,"35.503,45",26729.0,"3.916,17","35.095,64",32.57,37.07,10.89,50.73,10.32,8.49,3.36,14.19,2.4,0.18,2.19,38481.0,69.52,262.08,16.28,477.0,2
2020,DF,18.0,7.616,"22.000,00",1636.0,"1.031,46","21.481,66",19.2,53.06,40.12,80.69,3.3,2.08,0.68,4.34,0.35,0.06,0.0,61298.0,93.31,503.83,24.38,5565.0,2
2020,MA,33.0,4.22,"28.835,94",12081.0,"2.088,25","28.628,54",4.05,10.41,7.79,10.34,1.15,1.32,0.54,1.52,0.07,0.01,0.02,10318.0,28.73,100.04,16.05,2694.0,0
2020,MS,27.0,4.453,"25.968,24",11371.0,"1.498,73","25.535,47",11.05,51.92,13.69,66.32,1.41,1.24,0.31,1.65,0.18,0.08,0.01,56499.0,83.28,434.43,84.16,17468.0,2
2020,AC,29.0,788.0,"32.205,59",2512.0,398.34,"31.872,76",1.76,0.91,0.46,4.49,0.6,0.57,0.16,0.58,0.14,,0.13,1509.0,3.44,3.93,1.51,187.0,0
2020,BRASIL,30.0,316.348,"27.950,38",8740.07,"126.422,67","27.628,02","1.200,51","1.759,18","1.140,23","3.575,19",79.39,82.39,23.63,144.79,14.67,2.49,0.66,26539.02,"5.262,82","33.056,89","2.134,82",4085.63,0
2020,AP,21.0,813.0,"28.500,00",2305.0,240.48,"28.353,80",0.92,2.48,1.68,1.14,0.19,0.14,0.04,0.16,0.03,0.02,0.0,555.0,3.13,24.03,0.01,264.0,0
2020,AP,40.0,813.0,"46.926,57",3757.0,808.26,"46.211,68",3.57,0.35,1.11,3.37,1.79,1.23,1.0,2.36,0.35,0.03,0.76,1147.0,3.14,11.43,0.78,235.0,0
2020,MT,31.0,5.716,"28.158,00",15991.0,"2.522,84","27.975,11",13.3,27.58,24.58,87.82,0.87,1.25,0.23,1.01,0.08,0.06,0.01,59142.0,123.45,401.18,53.93,15448.0,2
2020,BRASIL,50.0,316.348,"39.538,55",12389.39,"336.780,53","39.163,81","1.640,68","1.350,50",658.98,"2.647,97",381.85,307.45,138.17,572.94,73.12,10.47,165.22,21762.52,"5.535,11","20.229,56","1.009,90",3649.78,0
2020,BRASIL,45.0,316.349,"36.104,00",11344.42,"277.022,36","35.860,45","1.519,57","2.632,10","1.401,77","2.703,97",328.75,269.52,114.45,487.3,57.7,9.37,111.71,24724.51,"5.030,92","25.953,31","1.110,36",4745.89,0
2020,RN,42.0,3.303,"37.839,44",12379.0,"2.759,97","37.477,98",10.02,21.29,4.82,19.01,3.91,3.15,1.88,6.31,0.85,0.03,1.39,11927.0,36.86,103.52,4.65,2225.0,0
2020,RO,38.0,2.171,"31.345,05",6739.0,"1.436,39","31.042,87",4.61,6.46,3.87,21.14,1.55,1.71,0.41,2.05,0.15,0.03,0.26,14786.0,34.51,59.2,8,3667.0,0
2020,ES,29.0,5.839,"26.144,02",15048.0,"2.200,92","25.772,01",18.45,30.38,22.66,67.57,1.83,1.66,0.43,3.23,0.2,0.06,0.01,32196.0,88,343.82,11.35,4856.0,2
2020,PA,6.0,6.374,"1.543,00",14.0,1.4,219.18,19.21,67.26,25.43,148.55,0.05,0.1,0.01,0.06,0.0,0.0,,48902.0,84.53,587.1,52.51,9039.0,2
2020,MA,27.0,4.221,"25.756,90",10662.0,"1.385,03","25.260,04",6.6,32.16,24.41,18.82,1.77,1.24,0.46,1.78,0.06,0.0,0.01,16253.0,40.68,214.11,9.8,3459.0,0
2020,PI,8.0,2.525,"6.407,46",1211.0,15.08,"4.795,73",2.44,10.94,4.05,25.34,0.31,0.43,0.07,0.37,0.02,0.01,,6624.0,17.72,60.35,11.72,514.0,0
2020,PB,23.0,3.314,"22.134,00",7241.0,763.03,"21.851,16",3.28,11.18,6.08,17.01,0.74,0.68,0.25,1.11,0.09,0.01,,7655.0,27.18,67.08,2.06,1217.0,0
2020,ES,23.0,5.839,"22.000,00",12729.0,"1.357,46","21.799,94",53.36,22.54,15.94,52.31,1.13,1.16,0.26,1.86,0.09,0.08,0.0,23935.0,61.81,265.65,6.95,3443.0,0
2020,AP,45.0,813.0,"54.000,00",4331.0,"1.012,81","53.272,68",4.02,0.8,0.07,2.46,2.11,1.49,1.3,2.96,0.42,0.05,1.27,1352.0,2.68,95.23,0,9397.0,0
2020,PA,8.0,6.375,"7.951,80",3899.0,61.88,"6.116,20",6.98,18.69,10.88,75.1,0.87,1.94,0.25,1.27,0.06,0.01,0.0,22231.0,46.55,"1.116,75",13.66,92845.0,3
2020,TO,46.0,1.688,"36.797,64",615.0,"1.581,46","36.434,88",5.86,2.1,1.04,6.56,1.89,2.01,0.55,1.84,0.23,0.07,0.65,9055.0,19.69,54.03,11.48,2045.0,0
2020,RN,10.0,3.303,"8.618,94",2297.0,38.03,"6.955,15",4.29,20.68,9.39,64.47,0.79,0.97,0.16,1.06,0.07,0.01,,14283.0,34.78,168.9,10.88,3286.0,0
2020,AC,18.0,788.0,"24.847,44",1913.0,148.22,"24.275,12",1.28,4.9,2.93,4.3,0.29,0.15,0.02,0.18,0.0,0.0,0.0,5357.0,8.85,57.73,3.21,1403.0,0
2020,RO,45.0,2.171,"35.968,19",7754.0,"1.947,87","35.713,97",5.68,1.35,1.51,15.8,2.2,1.85,0.48,2.75,0.37,0.04,0.77,11196.0,29.38,38.55,3.87,2052.0,0
2020,MA,15.0,4.22,"15.000,00",6079.0,320.65,"14.404,55",3.84,12.54,9.57,31.31,1.12,0.92,0.22,0.89,0.07,0.02,,10336.0,25.02,665.93,16.3,3794.0,0
2020,PI,13.0,2.525,"12.540,00",3166.0,160.29,"12.540,00",2.76,7.19,11.76,0.94,0.41,0.14,0.04,0.05,0.01,,,2622.0,11.36,51.1,0.3,96.0,0
2020,RJ,9.0,30.746,"3.325,31",5619.0,56.19,"1.827,42",256.24,372.59,122.02,930.21,2.27,3.86,0.34,2.88,0.25,0.02,0.1,3421.62,380.13,"5.319,32",266.69,5514.0,0
2020,RN,49.0,3.303,"43.916,30",14355.0,"3.704,58","43.460,50",14.04,7.94,3.17,24.41,4.59,3.07,1.89,7.12,0.81,0.09,2.64,11909.0,34.41,82.97,6.84,2539.0,0
2020,PE,12.0,8.286,"11.225,00",8378.0,208.8,"10.111,39",16.72,48.93,19.5,129.33,2.07,2.27,0.59,4.12,0.18,0.01,,29461.0,76.02,380.98,10.89,4641.0,0
2020,AC,27.0,788.0,"30.917,60",2409.0,348.61,"30.571,94",12.55,1.78,0.04,2.75,0.51,0.56,0.15,0.41,0.13,0.01,0.08,165.0,4.78,18.55,1.64,106.0,0
2020,PB,7.0,3.314,"3.000,00",35.0,3.5,"1.055,47",6.84,17.78,6.28,98.9,0.18,0.2,0.01,0.13,0.02,,,20733.0,44.7,207.34,5.8,3766.0,0
2020,PB,43.0,3.314,"34.987,74",1148.0,"2.679,06","34.641,29",10.32,10.32,1.86,20.42,3.27,3.24,1.59,5.57,0.58,0.1,0.92,9241.0,31.44,85.01,1.51,1967.0,0
2020,AC,21.0,787.0,"27.660,41",2146.0,210.48,"27.263,55",1.71,1.22,2.75,2.32,0.2,0.3,0.03,0.12,0.02,0.02,0.0,1936.0,5.62,27.02,3.69,449.0,0
2020,MG,30.0,29.971,"27.631,27",81906.0,"12.098,29","27.328,51",96.37,214.77,97.52,336.91,7.55,8.23,2.05,12.46,1.3,0.38,0.14,2576.72,527.03,"2.641,21",115.61,35746.0,1
2020,RR,45.0,667.0,"43.468,58",2867.0,714.7,"42.977,02",2.14,0.75,0.19,2.82,0.73,0.73,0.21,0.64,0.24,0.01,0.53,1336.0,3.83,7.53,0.45,151.0,0
2020,RR,17.0,666.0,"21.600,00",1397.0,95.79,"20.975,04",0.69,0.21,0.75,4.35,0.19,0.19,0.02,0.08,0.06,,,164.0,4.63,9.71,4.48,175.0,0
2020,MG,26.0,29.972,"24.976,00",7369.0,"8.952,75","24.586,42",97,378.7,168.08,389.8,14.4,8.86,2.12,16.56,1.82,0.43,0.02,2910.83,577.07,"2.637,06",132.22,40402.0,3
2020,CE,45.0,7.04,"36.335,45",25363.0,"5.970,43","36.027,14",23.31,59.33,19.82,39.12,8.2,6.45,3.91,12.12,0.97,0.24,2.44,29182.0,82.06,389.54,27.02,6374.0,2
2020,PE,24.0,8.286,"22.700,00",18466.0,"1.893,51","22.285,61",12.16,33.1,18.43,47.65,2.71,2.38,0.78,4.33,0.32,0.05,0.0,21651.0,69.23,330.31,14.5,4273.0,0
2020,BA,28.0,12.245,"24.600,00",29607.0,"3.528,34","24.178,84",36.74,171.41,88.34,101.99,6.86,3.83,1.37,7.33,0.55,0.07,0.01,78456.0,152.98,"1.007,23",86.84,16838.0,2
2020,GO,41.0,10.016,"30.913,33",30697.0,"6.960,64","30.647,81",28.33,27.78,21.34,71.43,8.52,8.54,2.85,9.06,1.07,0.36,0.93,92918.0,142.26,"1.247,43",30.99,11405.0,2
2020,AP,19.0,813.0,"27.489,00",2186.0,194.75,"26.883,28",1.81,2.92,0.5,2.73,0.25,0.25,0.07,0.28,0.02,0.03,0.0,623.0,1.71,17.38,0.01,33.0,0
2020,AM,49.0,3.51,"39.837,44",13837.0,"3.577,79","39.421,56",11.57,5.42,1.43,15.18,4.96,4.46,2.52,4.68,0.77,0.01,1.84,6156.0,13.53,60.42,0.49,905.0,0
2020,PI,37.0,2.524,"32.147,52",8018.0,"1.606,10","31.768,83",5.42,10.76,2.37,11.92,2.38,2.18,0.93,3.15,0.28,0.02,0.36,5214.0,23.33,44.47,2.62,959.0,0
2020,RJ,41.0,30.746,"35.510,64",1079.71,"22.395,69","35.117,11",134.59,103.95,55.92,269.87,30.98,24.9,13.21,66.43,6.2,1.17,9.2,1627.93,243.8,"1.861,92",67.51,23272.0,0
2020,GO,15.0,10.017,"12.725,40",12575.0,728.08,"12.554,06",10.47,134.65,126.54,49.49,2.78,1.62,0.29,1.12,0.17,,,89093.0,169.63,741.18,48.28,1144.0,2
2020,PR,18.0,20.783,"18.078,55",36774.0,"2.720,20","17.694,39",61.76,195.52,156.72,311.71,5.16,4.31,1.2,6.62,0.61,0.16,0.0,2199.85,460.97,"2.041,61",161.57,38434.0,1
2020,RR,35.0,667.0,"36.000,00",2391.0,452.46,"35.845,40",1.63,6.07,1.14,3.29,0.67,0.78,0.16,0.38,0.11,0.02,0.25,2246.0,4.54,22.75,0.42,24.0,0
2020,BA,12.0,12.246,"8.231,88",8287.0,148.8,"6.767,43",23.87,167.04,32.64,194.74,2.26,3.42,0.66,3.29,0.24,0.01,0.0,63167.0,123.31,"1.233,50",42.3,14708.0,2
2020,CE,47.0,7.04,"37.796,28",26357.0,"6.492,34","37.439,40",43.22,58.6,24.5,35.34,9.11,6.97,4.47,14.17,1.08,0.19,2.89,27499.0,91.3,790.22,18.74,5304.0,2
2020,PR,37.0,20.783,"31.040,35",63967.0,"12.893,68","30.778,58",71.38,81.6,54.72,168.1,14.06,15.25,3.75,18.65,2.08,0.33,2.18,1571.24,360.73,"1.108,88",55.54,26951.0,1
2020,RR,32.0,667.0,"34.404,24",2276.0,381.92,"34.128,14",1.89,0.14,0.04,2.57,0.51,0.69,0.12,0.3,0.13,,0.19,91.0,2.7,5.19,0.01,116.0,0
2020,PI,33.0,2.524,"29.580,00",7386.0,"1.295,42","29.261,31",4.77,6,3.19,12.87,1.88,1.47,0.63,2.68,0.17,0.02,0.08,4219.0,17.71,46.65,0.4,979.0,0
2020,BA,16.0,12.246,"12.540,00",15352.0,712.1,"12.536,33",36.3,350.68,164.54,45.6,3.69,1.84,0.66,2.39,0.18,0.0,0.0,90161.0,187.86,"1.956,95",79.78,28789.0,2
2020,AP,48.0,813.0,"58.100,73",4672.0,"1.149,92","57.464,40",3.88,0.18,0.71,2.05,2.23,1.56,1.39,2.95,0.54,0.02,1.66,605.0,2.41,3.51,0.08,212.0,0
2020,PR,46.0,20.782,"35.991,20",742.0,"19.151,52","35.703,75",162.26,103.55,38.75,198.67,20.4,18.61,5.41,24.28,2.78,0.43,7.47,1629.06,372.51,"2.152,74",60.66,27416.0,3
2020,BRASIL,44.0,316.348,"35.558,68",11147.04,"265.677,94","35.236,65","1.399,78","1.312,52",664.03,"2.615,44",316.95,284.69,108.74,473.29,59.28,7.61,101.06,19748.13,"4.312,49","19.039,78","1.323,40",3412.47,0
2020,RJ,18.0,30.746,"16.890,00",49897.0,"3.150,51","16.228,83",113.48,188.55,102.92,492.58,11.37,9.21,2.91,21.25,1.46,0.13,0.02,2215.12,303.77,"3.485,94",102.02,51216.0,1
2020,SC,41.0,14.819,"34.468,42",50733.0,"12.468,16","34.235,41",60.37,67.78,38.41,90.97,12.29,10.36,3.36,12.52,2.35,0.2,4.28,1016.97,306.45,680.57,58.58,18991.0,1
2020,RJ,34.0,30.746,"30.524,55",92853.0,"15.307,85","30.200,17",139.41,156.98,103.51,256.42,22.28,20.68,9.06,47.88,4.79,0.51,2.3,1905.48,273.83,"2.064,49",82.12,26878.0,1
2020,MG,29.0,29.971,"26.996,36",79792.0,"11.279,23","26.623,12",96.04,174.05,109.73,345.81,8.43,8.38,1.88,13.54,1.35,0.37,0.04,2562.2,509.03,"2.142,40",96.24,387.0,1
2020,MS,31.0,4.453,"28.255,00",12511.0,"1.984,82","28.096,78",11.88,16.08,24.34,49.39,0.59,0.69,0.09,0.92,0.1,0.0,0.01,44716.0,96.49,302.95,28.86,6216.0,2
2020,MS,20.0,4.453,"21.050,00",921.0,770.11,"20.682,58",6.29,22.83,10.35,48.23,1.18,1.09,0.24,1.2,0.15,0.03,,37205.0,78.79,195.9,36.54,4553.0,2
2020,RO,21.0,2.171,"21.783,05",4682.0,445.68,"21.563,83",2.02,6.92,4.98,12.2,0.48,0.48,0.06,0.31,0.11,0.03,,11572.0,26.29,67.59,3.4,1116.0,0
2020,SP,40.0,102.127,"32.494,05",3290.17,"69.538,71","32.216,41",429.72,580.18,249.19,760.66,82.03,81.02,23.76,131.49,17.55,1.56,17.52,6740.24,"1.350,78","7.725,97",692.37,2244.82,0
2020,BA,10.0,12.245,"3.000,00",1558.0,15.58,"1.272,28",44.91,122.4,33.34,307.56,0.55,1.15,0.08,0.66,0.06,0.0,,98027.0,146.09,"1.299,75",109.96,32069.0,2
2020,RJ,33.0,30.746,"29.927,34",90969.0,"14.379,32","29.587,25",107.14,107.21,51.16,256.01,21.92,19.73,8.45,45.12,4.03,0.34,1.45,1459.17,246.17,"1.800,38",55.6,23411.0,1
2020,AC,16.0,788.0,"22.600,79",1751.0,110.78,"22.225,57",0.51,1.34,0.95,4.38,0.23,0.12,0.04,0.11,,,,2334.0,5.22,23.18,3.99,173.0,0
2020,GO,33.0,10.016,"27.954,33",27738.0,"4.622,58","27.693,87",33.78,47.58,33.75,97.37,2.11,2.15,0.62,2.77,0.14,0.08,0.01,97613.0,165.34,"6.956,07",45.17,11331.0,2
2020,PR,48.0,20.783,"37.101,21",76476.0,"20.668,72","36.797,24",89,125.82,52.34,175.5,20.99,18.89,5.66,26.56,3.16,0.41,8.64,1648.43,414.55,"1.231,28",87.11,30943.0,1
2020,ES,28.0,5.84,"25.387,12",14673.0,"2.050,44","25.125,32",16.03,97.41,90.33,41.95,2.82,1.79,0.53,2.85,0.26,0.01,0.01,52338.0,128.83,639.26,15.33,9547.0,2
2020,PI,15.0,2.525,"15.000,00",3571.0,228.1,"14.142,96",2.5,14.99,3.88,25.75,0.94,0.57,0.2,0.93,0.07,0.01,,6678.0,23.78,65.45,1.51,1333.0,0
2020,RR,14.0,667.0,"18.000,00",1142.0,56.36,"17.123,12",1.61,2.6,1.06,5.56,0.24,0.22,0.05,0.12,0.02,0.01,,1514.0,4.14,16.78,0.46,293.0,0
2020,RS,6.0,22.386,"1.103,45",407.0,4.07,182.02,128,235,69.63,786.23,0.17,0.23,0.02,0.15,0.01,0.0,,4139.12,588.71,"3.618,79",264.5,84656.0,3
2020,BRASIL,33.0,316.349,"29.138,43",9128.8,"153.476,67","28.856,73","1.046,74","1.147,47",673.29,"2.409,79",174.67,183.3,54.02,273.09,30.86,3.86,5.11,18003.61,"3.980,96","15.499,09","3.063,76",3399.92,0
2020,PR,42.0,20.782,"33.704,72",69477.0,"16.254,79","33.431,11",267.4,117.56,45.39,176.75,17.85,17.33,4.52,22.88,2.68,0.48,4.93,1603.59,365.16,"1.367,22",66.29,4201.0,1
2020,ES,31.0,5.84,"27.469,91",15846.0,"2.513,91","27.133,40",15.55,28.36,18.05,85.97,1.76,1.74,0.37,2.95,0.22,0.07,0.01,33641.0,92.54,348.34,32.96,5524.0,2
2020,AM,19.0,3.51,"19.267,20",6553.0,448.5,"18.670,26",3.87,18.62,6.34,17.16,1.23,1.33,0.29,0.71,0.09,0.04,,9005.0,14.7,95.64,3.46,945.0,0
2020,PA,44.0,6.375,"36.715,25",23177.0,"5.846,73","36.356,48",20.38,9.04,6.99,37.84,9.18,8.32,5.15,11.22,1.02,0.19,2.13,19224.0,47.49,154.83,15.49,2684.0,0
2020,SC,44.0,14.819,"35.955,00",52889.0,"14.032,80","35.689,92",62.11,74.81,30.61,112.49,13.42,11.19,3.52,13.74,2.3,0.24,5.45,1095.07,324.53,988.24,40.03,18874.0,1
2020,PB,21.0,3.314,"20.502,00",6638.0,620.87,"20.029,25",3.76,9.85,5.25,25.6,0.96,0.79,0.27,1.46,0.05,0.04,,10603.0,26.35,82.42,3.07,1163.0,0
2020,MS,22.0,4.453,"22.243,72",979.0,963.47,"21.984,49",5.4,12.4,12.57,37.11,0.99,0.99,0.16,0.93,0.06,0.09,,29776.0,74,177.16,8.05,3181.0,0
2020,PE,44.0,8.285,"36.078,01",29686.0,"6.797,87","35.830,65",42.77,91.91,27.51,67.5,10.71,7.66,4.63,17.61,1.1,0.24,2.73,38671.0,93.35,623.56,22.66,7803.0,2
2020,SC,32.0,14.818,"30.370,48",44684.0,"8.149,76","30.155,35",52.61,137.4,72.35,105.69,9.57,8.6,2.76,10.55,1.67,0.12,1.15,1180.76,334.98,974.53,108.78,22598.0,1
2020,MS,18.0,4.453,"19.200,00",8285.0,590.01,"18.605,36",11.54,17.58,14.94,53.6,1.33,1.2,0.2,1.24,0.08,0.04,0.0,35934.0,84.29,280.5,11.2,4313.0,2
2020,PE,13.0,8.286,"12.487,00",9883.0,307.64,"11.927,83",12.81,65.88,25.2,73.62,1.69,1.86,0.5,3.17,0.14,0.01,0.0,28502.0,73.55,424.66,23.05,6429.0,0
2020,MS,29.0,4.453,"27.408,97",1205.0,"1.736,53","27.060,24",10.2,31.57,14.64,59.21,1.12,1.26,0.25,1.47,0.11,0.03,0.0,41271.0,85.24,301.67,18.48,6757.0,2
2020,RS,47.0,22.385,"37.355,01",82907.0,"22.017,41","37.036,85",130.04,86.89,54.98,206.36,20.77,15.04,6.31,28.43,4.59,0.79,9.71,1876.93,429.67,"1.479,99",78.68,34487.0,1
2020,SC,6.0,14.818,"4.202,91",4219.0,43.04,"2.847,43",77.82,173.07,68.84,321.57,1.0,2.14,0.26,0.94,0.16,0.01,0.0,1613.3,348.35,"1.950,86","2.347,15",31257.0,3
2020,AM,35.0,3.51,"30.230,97",10534.0,"1.869,63","30.010,02",7.18,23.33,7.66,11.74,2.31,2.74,1.06,1.92,0.59,0.19,0.25,10416.0,20.24,"1.103,26",3.09,1403.0,0
2020,TO,7.0,1.688,"2.220,24",7.0,0.7,412.58,4.41,96.22,4.39,61.47,0.02,0.04,0.0,0.03,0.0,,,4098.0,38.26,201.92,16.84,6912.0,0
2020,RO,48.0,2.172,"38.020,52",8177.0,"2.188,29","37.648,74",8.76,10.89,3.02,17.68,2.54,2.24,0.6,3.2,0.36,0.11,0.98,17347.0,33.81,107.05,6.4,3533.0,0
2020,MA,35.0,4.22,"30.000,00",12589.0,"2.337,22","29.830,92",7.17,16.92,8.02,19.14,2.76,3.18,1.34,3.92,0.27,0.07,0.25,9716.0,29.46,107.58,7.22,1846.0,0
2020,AM,14.0,3.51,"12.880,33",4393.0,161.16,"12.516,21",10.41,136.36,29.11,19.18,1.08,0.99,0.25,0.75,0.12,0.01,0.0,23042.0,39.64,"1.536,44",26.38,6858.0,0
2020,AM,43.0,3.509,"35.342,50",12274.0,"2.788,62","34.979,29",12.24,8.03,2.24,18.44,4.21,4.43,1.92,3.52,0.71,0.04,1.03,6052.0,12.02,123.93,7.42,1111.0,0
2020,DF,21.0,7.616,"25.795,93",19157.0,"1.577,33","25.153,41",30.56,214.87,89.35,132.53,4.88,2.63,1.05,5.96,0.59,0.05,0.02,97987.0,142.25,"1.012,01",70.75,10764.0,2
2020,RJ,37.0,30.746,"32.531,85",98957.0,"18.214,69","32.185,40",140.69,177.02,50.38,269.45,28.09,23.55,11.21,53.35,5.16,0.77,4.97,1582.13,248.52,"2.168,28",94.11,21502.0,1
2020,SC,19.0,14.819,"22.626,76",32799.0,"2.919,51","22.132,85",56.23,134.34,69.8,181.11,4.78,3.07,0.86,4.34,0.64,0.18,0.01,1549.43,393.43,"1.361,46",68.14,25276.0,1
2020,MG,47.0,29.971,"36.534,00",1085.74,"28.311,73","36.226,35",131.62,181.31,89.61,292.4,29.4,26.32,9.41,40.72,5.61,0.88,11.37,2206.9,463.49,"2.079,96",164.77,41462.0,3
2020,GO,22.0,10.016,"20.896,79",20456.0,"1.935,78","20.423,26",14.67,34.36,28.85,112.28,3.17,2.7,0.55,2.95,0.24,0.13,0.0,83532.0,142.09,444,39.6,9931.0,2
2020,AP,41.0,813.0,"48.064,28",3863.0,846.89,"47.520,31",2.71,1.6,0.39,2.55,1.78,1.41,0.95,2.12,0.51,0.06,0.86,1122.0,2.42,12.59,0.1,196.0,0
2020,BA,26.0,12.245,"22.820,00",2764.0,"2.946,48","22.572,77",22.49,55.6,34.06,76.79,4.08,3.3,0.97,4.88,0.38,0.09,0.0,50729.0,116.19,656.3,54.56,7856.0,2
2020,AC,14.0,788.0,"20.618,51",1557.0,76.47,"19.761,14",0.72,1.07,1.13,4.56,0.22,0.21,0.03,0.23,0.08,0.01,,1963.0,5.52,22.56,1.03,214.0,0
2020,BA,22.0,12.245,"19.786,32",23422.0,"1.895,08","19.128,19",25.21,88.58,32.56,121.96,5.12,4.1,1.26,7.16,0.44,0.06,0.0,54274.0,125.39,625.1,17.56,8941.0,2
2020,RR,29.0,666.0,"32.267,00",2131.0,315.15,"31.997,65",1.75,1.08,0.1,3.36,0.67,0.72,0.16,0.42,0.12,,0.11,702.0,2.66,2.7,0.02,18.0,0
2020,PB,38.0,3.313,"31.763,96",10425.0,"2.127,18","31.468,14",9.28,4.41,3.75,20.34,2.83,2.78,1.18,4.29,0.44,0.04,0.43,887.0,30.91,68.56,2.47,1954.0,0
2020,BRASIL,31.0,316.349,"28.385,59",8909.71,"135.332,39","28.164,19",990.49,"1.705,19","1.293,78","3.292,00",56.27,63.5,19.05,120.51,12.31,1.88,0.49,28818.42,"5.675,70","25.237,17","1.942,82",4196.56,0
2020,PE,46.0,8.286,"37.558,20",30808.0,"7.407,89","37.181,08",33.75,49.09,10.34,55.72,10.88,8.64,5.27,19.19,1.35,0.09,3.23,27336.0,72.45,459.17,14.7,6633.0,2
2020,RS,12.0,22.386,"12.534,00",27995.0,"1.173,95","12.505,76",113.63,822.46,625.52,158.4,6.51,2.68,0.77,3.25,0.49,0.01,0.0,3144.63,727.84,"3.280,68",209.57,82361.0,3
2020,DF,12.0,7.616,"12.534,00",9439.0,258.42,"12.393,91",56.3,669.58,228.22,133.71,3.65,1.76,0.65,3.3,0.34,0.02,,1535.48,228.73,"2.940,33",218.1,41282.0,3
2020,RS,39.0,22.385,"32.701,69",72583.0,"15.750,92","32.424,63",105.62,89.17,43.55,212.31,17.25,14.04,4.75,21.67,3.54,0.44,4.26,1605.78,403.58,"1.581,60",396.26,34176.0,1
2020,MG,50.0,29.971,"38.427,08",1141.39,"31.680,71","38.083,17",139.53,157.65,57.64,246.63,32.7,28.48,10.48,45.78,6.11,1.16,14.23,2111.57,453.8,"1.790,77",82.6,32614.0,3
2020,TO,23.0,1.689,"22.800,00",382.0,414.41,"22.614,75",0.81,2.18,2.86,11.38,0.35,0.35,0.06,0.2,0.01,0.03,0.0,1383.0,24.85,59.37,8.74,1098.0,0
2020,BA,48.0,12.245,"37.253,44",45174.0,"11.085,79","36.892,05",46.95,43.59,22.4,74.16,16.7,13.51,8.56,23.24,2.13,0.19,4.61,4419.0,107.49,466.71,13.93,7656.0,1
2020,PR,25.0,20.782,"24.666,67",50372.0,"5.871,42","24.238,51",73.67,284.28,191.59,250.44,7.85,4.76,1.4,8.25,0.71,0.14,0.01,2595.94,547.5,"2.875,46",680.77,56928.0,1
2020,PA,38.0,6.375,"32.716,61",20661.0,"4.517,99","32.409,88",18.88,4.6,3.6,31.34,7.3,6.83,3.68,7.94,0.61,0.03,1.03,15937.0,40.5,85.74,6.57,147.0,0
2020,RO,16.0,2.172,"17.740,04",3693.0,229.1,"17.002,05",2.34,10.3,3.02,30.57,0.75,0.56,0.12,0.59,0.07,0.0,,15357.0,32.2,105.19,10.89,2426.0,0
2020,RN,35.0,3.303,"32.860,42",10732.0,"1.943,48","32.491,26",10.33,6.11,2.28,21.48,3.19,3.0,1.36,5.14,0.5,0.06,0.57,9272.0,27.1,66.87,3.2,1429.0,0
2020,BA,40.0,12.245,"31.899,36",38653.0,"7.701,80","31.566,12",38.94,41.38,16.87,72.11,12.14,11.07,5.23,17.59,1.34,0.17,1.59,37307.0,91.81,428.57,14.98,6506.0,2
2020,SC,25.0,14.819,"27.337,08",39987.0,"5.150,31","26.983,64",75.07,133.99,79.87,146.41,3.4,3.14,0.95,3.78,0.28,0.08,0.02,1445.16,375.91,"1.204,06",78.81,2378.0,0
2020,PE,19.0,8.286,"18.004,63",14696.0,"1.037,14","17.736,39",18.14,57.37,25.16,62.75,2.33,2.22,0.8,4.37,0.36,0.04,0.0,26879.0,71.47,725.68,24.61,5372.0,0
2020,RS,21.0,22.385,"21.770,60",47772.0,"4.543,61","21.340,98",100.21,143.33,98.9,343.1,6.35,3.8,0.95,6.27,1.05,0.17,0.0,2077.81,490.48,"1.612,55",84.17,42182.0,1
2020,SE,32.0,2.177,"30.248,18",653.0,"1.115,72","29.994,63",5.72,6.78,5.14,10.72,1.46,1.27,0.67,2.57,0.22,0.04,0.14,9667.0,24.81,70.11,2.41,1335.0,0
2020,MG,21.0,29.971,"20.669,43",60341.0,"5.527,03","20.133,20",90.02,163.85,100.98,447.76,10.02,8.32,1.78,13.7,1.4,0.22,0.02,2582.6,522.59,"2.161,47",79.86,40093.0,1
2020,RR,33.0,667.0,"34.964,76",2314.0,405.06,"34.692,49",2.08,0.9,0.22,3.36,0.62,0.61,0.16,0.63,0.08,0.01,0.2,1298.0,3.71,6.42,0.52,118.0,0
2020,TO,25.0,1.688,"24.480,00",4063.0,494.14,"24.072,33",4.99,16.01,4.84,18.13,0.77,0.5,0.09,0.34,0.05,,0.0,20533.0,32.2,127.75,11.71,5211.0,0
2020,MS,15.0,4.453,"15.675,00",6665.0,355.37,"14.966,84",7.21,23.3,18.11,55.01,1.02,1.18,0.23,1.09,0.09,0.03,,40138.0,81.05,298.77,12.73,4859.0,2
2020,TO,26.0,1.688,"25.164,48",4202.0,536.17,"24.896,32",2.85,22.79,10.18,10.19,0.84,0.52,0.11,0.37,0.04,0.01,0.0,1851.0,37.67,103.44,14.44,2433.0,0
2020,MA,29.0,4.22,"27.581,24",11464.0,"1.610,45","27.166,07",8.93,31.85,7.02,22.37,1.48,1.57,0.52,1.81,0.06,0.01,0.01,12224.0,28.12,230.42,15.77,1293.0,0
2020,PE,50.0,8.286,"40.770,47",3342.0,"8.703,36","40.333,37",33.24,27.42,12.06,46.11,12.78,9.24,6.03,19.93,1.43,0.22,4.56,28274.0,72.47,624.76,11.82,7746.0,0
2020,RJ,17.0,30.746,"15.553,75",45558.0,"2.651,53","14.817,63",155.99,252.59,121.09,626.75,10.48,9.11,2.78,20.72,1.52,0.19,0.01,2391.63,310.49,"3.955,24",136.74,32426.0,1
2020,DF,9.0,7.616,"4.980,00",2696.0,28.87,"3.539,45",26.28,86.95,43.95,169.71,1.01,1.49,0.26,1.3,0.12,0.01,0.0,73639.0,108.78,"4.687,44",40.87,12088.0,2
2020,RO,47.0,2.172,"37.260,52",8011.0,"2.106,52","36.883,35",5.3,6.12,1.94,17.52,2.45,2.35,0.68,2.88,0.29,0.13,0.9,13851.0,32.34,53.58,6.41,2709.0,0
2020,CE,23.0,7.039,"21.810,00",15108.0,"1.443,83","21.462,98",8.8,51.06,13.73,36.84,1.94,1.49,0.54,3.11,0.2,0.03,0.0,19931.0,58.3,216.31,11.9,2332.0,0
2020,AC,9.0,787.0,"12.000,00",794.0,13.46,"10.088,18",1.08,1.49,0.97,7.98,0.23,0.18,0.05,0.12,0.01,,,2837.0,5.98,19.07,0.92,23.0,0
2020,MG,45.0,29.971,"35.373,66",1051.14,"26.156,63","35.071,93",130.02,83.84,55.62,222.37,29.33,27.69,8.75,40.44,5.27,1.15,9.42,1857.92,405.14,"1.517,71",67.45,35016.0,3
2020,MT,21.0,5.716,"21.600,00",1219.0,"1.093,90","21.325,44",13.59,31.1,19.99,65.65,1.5,1.42,0.28,1.46,0.1,0.05,0.0,39886.0,103.44,311.31,96.51,10025.0,2
2020,MS,44.0,4.453,"34.800,00",1535.0,"3.782,63","34.470,05",13.7,17.38,7.48,31.93,4.65,4.57,1.29,4.8,0.58,0.12,1.27,24662.0,66.24,181.68,13.08,4188.0,0
2020,BRASIL,24.0,316.349,"23.400,00",7252.72,"77.546,06","22.926,32","1.182,58","2.240,82","1.427,82","3.802,37",120.42,81.19,22.16,160.26,13.49,2.97,0.24,26745.62,"5.052,38","25.908,28","1.617,72",4233.67,0
2020,SP,34.0,102.126,"29.299,98",2963.05,"50.620,91","29.013,63",432.72,380.61,264.49,807.61,59.02,62.76,16.2,101.63,13.08,1.13,2.4,7600.2,"1.314,69","6.624,42",374.48,1037.57,0
2020,GO,32.0,10.016,"27.473,68",27163.0,"4.345,20","27.119,41",25.4,51.98,34.22,110.56,2.93,3.32,0.77,3.54,0.24,0.04,0.01,1037.33,162.29,554.09,50.18,13688.0,0
2020,MS,35.0,4.453,"29.626,65",13064.0,"2.497,10","29.337,52",11.07,11.83,7.62,30.35,2.71,3.12,0.64,2.97,0.53,0.04,0.17,25274.0,60.99,142.93,10.72,356.0,0
2020,CE,10.0,7.039,"7.178,26",3803.0,59.5,"5.403,47",12.32,30.44,16.19,87.52,1.02,1.33,0.27,1.35,0.09,0.0,0.0,2278.0,63.77,342.65,16.37,3481.0,0
2020,RO,12.0,2.172,"12.540,00",272.0,100.17,"12.525,16",3.44,24.55,17.36,6.47,0.5,0.3,0.04,0.15,0.01,,,14434.0,39,170.25,12.65,227.0,0
2020,RS,8.0,22.385,"7.074,38",12301.0,190.91,"5.495,01",136.96,152.48,73.68,555.42,3.07,3.58,0.57,3.5,0.38,0.06,0.0,3576.33,455.19,"2.611,12",263.97,41809.0,3
2020,GO,44.0,10.016,"32.574,13",32348.0,"7.914,17","32.295,91",28.18,20.8,17.14,73.45,9.96,9.91,3.3,10.68,0.93,0.16,1.69,79068.0,121.5,336.57,25.98,921.0,2
2020,PR,38.0,20.782,"31.534,37",65016.0,"13.543,84","31.284,73",72,157.35,58.57,166.68,15.23,15.48,3.72,18.8,2.32,0.19,2.71,1529.01,368.25,"1.494,94",82.07,31017.0,1
2020,PE,20.0,8.286,"19.284,07",15481.0,"1.191,95","18.683,14",17.99,79.82,17.62,77.29,3.08,2.55,0.96,5.86,0.35,0.09,,28344.0,83.89,543.92,18.8,5236.0,0
2020,PA,19.0,6.375,"21.600,00",13626.0,"1.198,95","21.373,86",3.99,8.75,10.04,25.78,1.55,1.57,0.3,1.51,0.12,0.08,,27527.0,48.38,201.66,23.71,2778.0,0
2020,PE,45.0,8.286,"36.805,76",30194.0,"7.099,81","36.439,25",33.64,27.65,9.9,54.21,10.47,8.53,4.53,17.31,1.27,0.12,2.98,2161.0,68.45,349.21,18.18,5426.0,0
2020,PR,9.0,20.782,"7.650,00",12848.0,218.11,"6.182,43",194.15,218.01,114.57,481.74,2.66,4.67,0.7,4.4,0.31,0.04,0.01,2437.13,462.09,"3.280,07",153.82,54406.0,3
2020,MG,40.0,29.971,"32.493,07",96577.0,"21.074,84","32.223,51",131.51,140.66,53.51,242.05,25.0,25.36,6.99,32.93,4.24,0.67,5.16,1776.95,396.54,"1.480,69",141.6,25229.0,1
2020,SP,10.0,102.127,"7.629,60",64331.0,"1.214,81","6.299,14",926.88,"1.055,95",581.26,"2.588,07",14.42,26.38,4.06,27.81,2.21,0.15,0.02,11203.92,"1.824,96","18.427,36",688.95,1985.29,1
2020,AC,32.0,788.0,"34.231,53",2672.0,476.84,"33.904,43",1.77,0.97,0.2,3.92,0.61,0.61,0.2,0.72,0.09,,0.21,214.0,4.15,5.78,1.45,212.0,0
2020,SP,14.0,102.127,"12.534,00",1277.9,"5.755,66","12.512,86",704.99,"5.968,56","4.165,47","1.503,69",35.92,21.45,7.85,31.82,4.03,0.02,0.0,19636.28,"3.248,46","35.519,67","1.470,55",7359.07,0
2020,RO,44.0,2.172,"35.376,08",7604.0,"1.870,33","35.010,79",6.32,14.19,2.48,19.14,2.33,2.26,0.54,2.85,0.38,0.09,0.67,16994.0,37.92,72.24,7.08,2622.0,0
2020,RO,36.0,2.172,"30.158,77",6503.0,"1.302,86","29.940,56",3.9,10.89,4.2,14.19,1.36,1.51,0.33,1.67,0.13,0.05,0.15,14416.0,40.82,85.59,6.99,2824.0,0
2020,AM,47.0,3.51,"38.208,83",13271.0,"3.303,90","37.808,25",11.49,10.92,4.22,20.76,4.48,4.43,2.27,4.41,0.71,0.03,1.55,7468.0,16.82,61.11,2.71,905.0,0
2020,ES,14.0,5.839,"12.869,52",7348.0,405.29,"12.584,36",10.01,81.7,90.26,33.92,1.54,0.93,0.22,1.27,0.15,0.0,,3945.0,103.94,495.18,22.61,9069.0,0
2020,AL,12.0,2.471,"11.976,00",2651.0,61.43,"10.727,99",3.92,8.48,3.57,36.47,0.8,0.67,0.14,1.12,0.05,0.0,0.0,8615.0,16.8,74.59,6.02,861.0,0
2020,RS,48.0,22.386,"37.937,74",84245.0,"22.859,86","37.633,05",103.6,200,105.23,227.47,21.63,15.37,6.39,27.57,4.9,0.69,10.44,2153.75,484.24,"1.981,97",153.07,50237.0,1
2020,SE,27.0,2.177,"27.723,22",5963.0,800.78,"27.392,55",3.73,5.5,3.03,12.47,0.57,0.59,0.24,0.96,0.13,,0.0,8727.0,25.17,68.71,3.05,1491.0,0
2020,PI,20.0,2.524,"20.650,00",508.0,454.36,"20.128,19",3.08,5.62,3.71,19.16,0.99,0.63,0.24,1.03,0.06,0.0,,4635.0,16.14,48.79,1.24,62.0,0
